COGNOME,CITOFONO
AGOSTINI M.,614
ALBANESE G.,624
ALFANO C.,107
ALINA ADRIANA BREBAN,711
AMELIO M.,413
ANELLA A.- MASTROMATTEI D.,705
ANTOLA G.,523
ANTONINI M. - DEL GIUDICE,119
BALZERANO S. - CARLINI M.,814
BASCIU I.,420
BATTISTINI M.,416
BELLOMO M.,411
BENIGNI N.,121
BOI M.,825
CALABRIA V.,820
CALIZZA A.,510
CANALE L. - FRAGOMENI E.,617
CANNIZZO M.,407
CAPOROSSI U.,117
CAPUTO T.K.,603
CARBONI A. - DABENE M.,602
CARICASOLO C.,120
CASALINO D.,519
CENTARO - PAPETTI,111
CERNIGLIA M. - CRESCIMANNO V.,102
CERVONI M.-PIANO A.,122
CESARONI G.,302
CHETONI C.,308
CIACCIO A. - CICCO L.,403
CIGNA S. - SPEZZI P.,622
CINTI C. - DELLA CORTE,321
CIOCE F.,811
CIOCE N.,620
CIRILLO R.,723
COMITO A.,223
CONSALVI L.,315
CONTESSI M.G.,110
CORATELLA S. - SILIPRANDI V.,514
COSTA F.,305
COSTANTINO G.,713
COZZA R.,813
COZZOLA A.,205
CRISPI A. - BOZZI S.,419
D'ALESSIO G.,213
D'ALOISO A.,218
D'AMBRA STEFANO E LORENZO,414
D'AMICO P. - COLELLA D.,319
DABENE F. - GASTALDELLO F.,712
DE CARIA N. - BARTUCCA E.,417
DE GREGORI L.,412
DE IANNI T. - GERVASI G.,323
DE MONTIS M.,202
DI BIAGIO M.,818
DI GIOVAMBATTISTA G.,722
DI SANO R.,402
DI SANO V.,101
DIONISI E. - DI MARCOTULLIO F.,601
DOLCIOTTI P. - MARUCCI P.,503
DURIGAN M.G.,114
ERCOLANI M. - FAVATELLA C.,823
FABRI N.,604
FACCHINI M.M.,105
FADALE L.,219
FICCADENTI C.,609
FICUCIELLO M.,619
FIORDALISO G. - TESTA R.,701
FRAIOLI A.,309
FRATIPIETRO M.,304
FULVIO M.,311
GADALETA F.,310
GAIOFATTO C.,320
GAMBIRASIO S.,317
GAROFALO S. - TAURISANO R.,623
GARRAFA I. - GARRAFA G.-GARRAFA E.,812
GATTA S.,312
GIACOMANTONIO A. - RUTA F.,401
GIANNETTI C.,724
GIANNETTI S.,215
GIANNETTI V. - CENTIS B.,521
GIOBBI A. G.,405
GIOVANELLI - PROTASSOVITSKY,709
GIUSEPPONI N.,706
GIUSTI L.,112
GOTTI C. S.-CHAVERO DEL PINO E.M.,516
GOTTI C. S.-CHAVERO DEL PINO E.M.,517
GRANDI F. - PROFENNA A.,704
GRAZIANI M.,512
GUARINO E. - PELLEGRINO D.,807
GUARINO E. - PELLEGRINO D.,808
GUERRA G.,418
LANDI M.,316
LO RUSSO - IALONGO,203
LOMBARDI - VATAMANU,201
MAGNIFICO A. - CRESCENZI I.,721
MAJORCA M. -MOSCUCCI F.,409
MALAGESI M.,325
MANCINELLI.O,824
MANCINI F.,612
MANZI D.- PUGLIESE K.,810
MARCOVALDI R.,415
MARMOTTA F. - MARMOTTA L.,524
MATANO A.,513
MATTIACCI C. - BUONDESTINO R.,806
MATTIOCCO E.,204
MAURO P. - CRESTI M.,212
MESSANA R. - ZOSSOLO D.,313
MICOLI P.,605
MIMMOCCHI F.,423
MIMMOCCHI F.,424
MINCINESI V. - BRUNETTI D.,507
MIRRA M.-MAIURI A.,805
MISINO F.,615
MOLLO A. - PASSARELLI A.,608
MONTORSI S.,113
MUTOLO F.,208
NICOLO' A. - GENOVESE M.,803
NICOLO' F.-STUPPIA M.,115
NORBIATO P. G.,520
NUNNO A.,406
NUZZACI F.,804
OLIVERIO E. - DE GIORGI,216
ORSINI A.,209
ORSINI S.,118
PACCHIAROTTI M.,408
PALANA F. - GREGGIO N.,702
PAPADOPOULOU - FIVOLI,504
PAPPALARDO M.,303
PARADISI C.,802
PARIS M.,817
PASQUALINI M.,815
PASQUALINO P.,124
PASSERI E.,719
PELLEGRINI M.,606
PESCARA M.,621
PETRORO R.,410
PEZZANERA L. M.,511
PICA F.,322
PIETRONIRO P. - MAGARIELLO A.,801
PISANI F. - D'AMATO D.,220
PISEGNA M.T.,307
PIZZONI F.,224
POLI T.,522
POLICANO B. - STRAINO S.,607
POLINI M.,518
PRESTIA A. - DE NUZZO G.,708
PRESUTTI F.,610
PREZIOSO A. M.,505
RAMO' A.,206
RANDO S.,109
RANUCCI E.-MASSIMIANI S.,106
RINALDI G.,222
RISIGLIONE M.,214
RIVERA P. - FERMO A. - TOSTO S.,809
ROMOLI F.,104
ROSELLI F.,207
ROSINI D.-CASALDI D.,502
ROSSI F.,707
RUFINI M.,611
RUSSO I.,116
SAGONE G.,717
SALE F.,715
SALTABANCHI A.,123
SALVATI P.,618
SANGINETO N. - CANTISANI G.,103
SANNA C.,301
SANTINELLI F.,714
SANTORI E.,822
SARNO A. - FEDERICI F.,821
SBERNA S. - D'AMORE E.,819
SCARABATTOLI A.,501
SCHIPILLITI P.,710
SCHWAL L.,718
SENA M. - MOSCHELLA V.,421
SENATORE F. - SEMEGHINI E.,217
SENDENTE L.,422
SENNI A.,616
SERPA S. - TRIA N.,703
SERRICCHIO F.,716
SIGNORETTI A. - GUERRIERI S.,314
SIMEONE V.,509
SINISTRI S.,515
SORICHILLO A.,324
SPADERA E.,404
SPINOCCIA D.,210
STAZI M.,306
STOPPONI A.,211
SULPIZI S.,613
TOMASSINI F.,221
TROIA P. - BUA M.,720
VAGNONI M.,508
VARRONE V.,816
VELARDI V. - PALAMA' N.,506